date,outlet,title,words,url,body
2026-09-08,Chin World,Khumi Chin Community Opposes AA’s Arakan Language Curriculum in Paletwa,239,https://www.bnionline.net/en/news/khumi-chin-community-opposes-aas-arakan-language-curriculum-paletwa,"Indigenous Khumi Chin leaders and civil society groups have strongly opposed the Arakan Army’s (AA) implementation of an Arakan-language curriculum in basic education schools across Chin State’s Paletwa Township, calling the move a violation of indigenous rights.
The controversy arose after the AA and its political wing, the United League of Arakan (ULA), introduced Arakanese literature and history as a mandatory Grade 12 subject for the current academic year—replacing the standard Myanmar language subject not only in controlled areas of Arakan (Rakhine) State, but also in neighboring Paletwa.
In a statement issued on September 6, the Global Khumi Organization (GKO) condemned the policy, stating that imposing an external ethnic curriculum without local consent violates the United Nations Declaration on the Rights of Indigenous Peoples (UNDRIP) and risks sowing deep communal divisions.
""Bringing a new Arakan-language curriculum into Paletwa, which is an integral part of Chin State, is seen as an attempt to exert dominant ethnic influence,"" a local Khumi resident told Chin World. ""People are only remaining quiet because those issuing the orders are armed.""
Developed by the ULA’s Arakan National Education Department, the new Grade 12 curriculum uses the Myanmar alphabet to teach Arakanese literature, history, and traditional customs.
While Khumi literature is already taught in predominantly Khumi areas, local communities view the AA's unilateral educational policy as an overreach of authority in Chin State, underscoring growing governance tensions between the regional resistance administration and local ethnic minorities."
2026-09-08,Shan Herald Agency for News,Scammers Target Myanmar Travelers in Shan State to Fuel Telecom Fraud Operations,305,https://www.bnionline.net/en/news/scammers-target-myanmar-travelers-shan-state-fuel-telecom-fraud-operations,"Fraudsters in southern Shan State’s Taunggyi Township are targeting travelers at intercity bus stops and transit hubs, posing as bank representatives to collect national identification card (NIC) data and facial photographs for telecom scam syndicates, according to residents and victims.
Operating in towns like Aungpan, middle-aged scammers lure unsuspecting victims with offers to set up free accounts at major financial institutions, including KBZ Bank and AYA Bank.
After they take photographs of victims' identity cards and faces, the perpetrators abscond, selling the biometric and personal data to online scam operations—locally known as Zhapaian—for tens of millions of Myanmar kyat.
The scam exploits military junta travel mandates that require Myanmar citizens to carry physical identity cards at all times due to ongoing political instability.
Most victims realize their information has been stolen when they attempt to open a bank account themselves.
A resident of neighboring Ywangan Township, for instance, was turned away by KBZ Bank staff after finding an account had already been fraudulently registered using his identity credentials.
""I was in Aungpan when people offered to help me open a bank account. They took photos of my NIC and face, then claimed they couldn't finish it right away and left,"" the victim told the Shan Herald Agency for News. ""When I later went to open an account myself, I was told one was already registered under my name.""DOCX
Community members and cybersecurity advocates warn that stolen credentials put victims at severe legal risk, exposing them to liabilities involving illicit financial transactions, money laundering, and unauthorized loans.
Concerns are also growing over parallel security threats on regional transit routes, where individuals in junta uniforms have reportedly been seen photographing travelers' identity documents.
Local tech advocates have additionally urged the public to beware of phishing links distributed via Viber and Telegram platforms used to compromise mobile devices."
2026-09-08,Kachin News Group,Key Myanmar Bridge Damaged in Junta Airstrike Amid Heavy Fighting Near Bhamo,246,https://www.bnionline.net/en/news/key-myanmar-bridge-damaged-junta-airstrike-amid-heavy-fighting-near-bhamo,"A strategic dual-use bridge in Kachin State’s Bhamo Township was damaged in a military junta airstrike on September 5, following heavy attacks by resistance forces on a military flotilla navigating the Ayeyarwady River, residents and resistance sources reported.
The Hsinhkan Bridge—which carries both a road and railway line linking Bhamo with Katha in Sagaing Region—sustained structural damage during the bombardment. The airstrike bent the supporting steel frame on the eastern side, left a car-sized crater in the bridge deck, and rendered the railway line completely unusable.
The attack occurred after a 15-vessel junta flotilla traveling upstream from Mandalay came under intense ambush by a resistance coalition, including the Kachin Independence Army (KIA) and the Kachin People’s Defence Force (KPDF).
“The junta bombed the bridge both to secure the flotilla’s passage and to sever logistics routes coming from Sagaing Region,” a Bhamo-based resistance fighter stated on social media, noting that the narrow river section near Hsinhkan Village is a frequent ambush site.
While parts of the flotilla were heavily damaged—leading to the surrender of several vessels and the capture of nearly 200 prisoners of war by the KIA—seven ships, including two combat vessels, managed to reach Bhamo Town. Other vessels remain stranded in Shwegu Township.
Ground fighting continues to rage around Hsinhkan, Waema, Sinsakhan, and Nawngmo villages as disembarked junta troops attempt to regroup and counter resistance forces. Ongoing hostilities have restricted access to the site, preventing independent verification of the full extent of the bridge's damage."
2026-09-08,Development Media Group,Heavy Fighting Enters Fourth Day as Myanmar Junta Tries to Advance Along Sittwe-Ponnagyun Border,314,https://www.bnionline.net/en/news/heavy-fighting-enters-fourth-day-myanmar-junta-tries-advance-along-sittwe-ponnagyun-border,"Intense clashes between Myanmar military junta forces and the Arakan Army (AA) continued for a fourth consecutive day on September 7 along the border of Sittwe and Ponnagyun townships, as junta troops attempted to push deeper into AA-controlled territory, according to military sources and local reports.
Fighting escalated on the morning of September 4 when junta ground forces, supported by armored vehicles and naval warships, launched an offensive across the strategic Minchaung Bridge toward Kuntaung village in Ponnagyun Township.
The Arakan Army subsequently deployed reinforcements and launched counterattacks.
Over the past four days, the junta has unleashed heavy artillery, drone strikes, and jet fighter bombardments targeting civilian communities across Ponnagyun, Rathedaung, and Pauktaw townships. Affected areas include Kuntaung, Sabahtar, Aidin, Thonesaung, Phetkya, and Thaekhon villages, causing significant destruction and damaging civilian property.
""From around 1:00 PM on September 6, the Arakan Army launched drone attacks near Minchaung Bridge, followed by intermittent exchanges of heavy artillery and small-arms fire throughout the day,"" a military source told DMG.
Military analysts view the offensive across Minchaung Bridge as a strategic attempt by the military regime to establish a foothold in Ponnagyun Township and secure key transport junctions leading to Rathedaung.
""Their primary objective is Minchaung Bridge and Kuntaung village, aiming to secure control up to the Ponnagyun-Rathedaung road junction,"" said Captain Zin Yaw, a military defector.
The ongoing escalation has forced thousands of civilians from roughly 20 villages across Ponnagyun and Rathedaung townships to flee their homes.
Simultaneous conflict is escalating elsewhere in Arakan State. Heavy fighting continues in Kyaukphyu Township amid junta naval movements and ground advances, while junta forces are attempting amphibious landings supported by relentless airstrikes in Thandwe and Gwa townships.
Analysts warn that hostilities across the region are likely to intensify further as the junta deploys massive air, naval, and ground assets in a bid to reclaim territory lost to the Arakan Army."
2026-09-08,Independent Mon News Agency,Myanmar Junta Arrests Married Couple in Mon State Over Alleged Links to Resistance Groups,211,https://www.bnionline.net/en/news/myanmar-junta-arrests-married-couple-mon-state-over-alleged-links-resistance-groups,"Myanmar military junta forces have arrested a married couple in Mon State’s Thanbyuzayat Township for allegedly supplying information to anti-junta resistance forces, according to residents and sources close to the police.
The couple—identified as 31-year-old Aung Myint Mo Htet (also known as Maung Phyu) and his wife, Ma Phyu Phyu Aung (also known as Ma Phyu)—were detained around noon on September 4 while working as rubber tappers in the Peinhnetaw village area.
Sources close to local law enforcement said the migrant couple was targeted for allegedly reporting military troop movements to joint Karen National Liberation Army (KNLA) and People’s Defense Force (PDF) units, as well as failing to report resistance activity to junta authorities.
“They were arrested because they were reportedly providing information to revolutionary groups about the movements and activities of the military,” a resident told Mon News.
The couple is currently being held at Thanbyuzayat Police Station and faces prosecution under Section 52(a) of the Counter-Terrorism Law, a charge that carries severe prison sentences.
The arrests reflect a broader ongoing crackdown across Mon State, where junta forces routinely detain civilians on suspicion of aiding revolutionary groups. In August, three residents were similarly charged under the Counter-Terrorism Law merely for posting comments on social media pages associated with resistance organizations."
2026-09-08,Mizzima,"At Least Five Dead, Including Two Children, as Severe Flooding Hits Myanmar’s Kale Township",255,https://www.bnionline.net/en/news/least-five-dead-including-two-children-severe-flooding-hits-myanmars-kale-township,"Severe flooding triggered by torrential rainfall and mountain runoff in Sagaing Region’s Kale Township—located near the border with India—has killed at least five people, including two children, and displaced more than 1,000 residents, according to local rescue teams and officials.
Days of heavy rain and runoff from the neighboring Chin Hills caused the Myittha River and local creeks to overflow last week, submerging low-lying wards and surrounding villages, including Nat Chaung, Aung Myin Thar, Sae Gyi, Nat Nan, and Zin Ka Lin.
Floodwaters have begun to recede, but local authorities and rescue groups warn that thick layers of mud and the threat of waterborne diseases, such as diarrhea and skin infections, pose ongoing risks to survivors.
Among the victims was 15-year-old Maung Aung Phway Win, who drowned on September 6 after being swept away by strong currents in Thwi Ngoe Creek while retrieving floating firewood with his father.
Other casualties include a young child who died in a landslide on September 3 while watching floodwaters in Kale’s 9-Mile area, a 55-year-old woman swept away after a riverbank collapsed near U-pot Creek, a 28-year-old cattle herder in Letpanchaung village, and an unidentified man whose body was recovered near Chan Thar village.
Over 1,000 displaced residents are currently taking temporary shelter in local schools across Kale town as authorities assess the damage to homes and agricultural land.
Myanmar’s Department of Meteorology and Hydrology had previously reported that the Myittha River crested nearly two feet above its danger mark before water levels began to fall over the weekend."
2026-09-08,Development Media Group,Arakan Ethnic Media Outlet Narinjara News Marks 25 Years Amid Press Freedom Crisis,224,https://www.bnionline.net/en/news/arakan-ethnic-media-outlet-narinjara-news-marks-25-years-amid-press-freedom-crisis,"Independent media organization Narinjara News marked its 25th anniversary on September 7, celebrating a major milestone as one of Arakan’s longest-running ethnic news outlets operating amid severe political instability and safety threats across Myanmar.
Founded on September 7, 2001, Narinjara has spent a quarter-century reporting on political, social, and humanitarian affairs in Arakan State, navigating successive periods of military rule, democratic transition, and intense armed conflict.
The outlet’s 25-year journey mirrors the broader evolution of Myanmar’s ethnic press, growing from early publications such as Arakan Post to key partnerships with regional ethnic media networks.
However, the anniversary comes at a perilous moment for press freedom in Myanmar. Since the 2021 military coup, independent journalists have faced unprecedented risks, including armed violence, junta airstrikes, widespread displacement, telecommunications blackouts, and severe access restrictions.
The media landscape in Arakan State has shifted dramatically as the United League of Arakan/Arakan Army (ULA/AA) expands its territorial control.
At the same time, active fighting persists in remaining junta-held enclaves.
Media observers emphasize that independent reporting remains vital during conflict and political transition to document humanitarian conditions, civilian protection, and human rights, while holding both military and newly emerging governing structures accountable.
Narinjara’s silver jubilee highlights the enduring resilience of ethnic media in giving local communities a voice and providing crucial public access to reliable information despite mounting danger.
Photo: Narinjara"
2026-09-08,Independent Mon News Agency,Woman Injured in Junta Artillery Shelling in Southern Myanmar,262,https://www.bnionline.net/en/news/woman-injured-junta-artillery-shelling-southern-myanmar,"A 38-year-old woman was injured when an artillery shell fired by Myanmar military junta forces struck a residential area in Tanintharyi Region’s Yebyu Township, according to residents and news reports.
The incident occurred early on September 3 following a 30-minute clash between revolutionary forces and an advancing junta column moving from Kywetalin village toward Yar Phue village.
Following the engagement, junta forces fired two artillery shells toward the surrounding communities.
One shell detonated at a cemetery outside Kywetalin village, while the second hit a home at the entrance of Yar Phue village, wounding the victim in the hand with shrapnel.
“They fired two artillery shells indiscriminately after the gunfire stopped,” a resident told Mon News. “That’s how a woman was struck in the hand. Fortunately, her injuries were not life-threatening.”
The victim is currently receiving medical treatment at a local village clinic.
The attack comes amid a significant military buildup in the area. Local sources report that the junta deployed over 100 additional troops to Yar Phue and Kywetalin during the final week of August, doubling the total visible force to over 200 soldiers, excluding roving patrols in nearby forests.
The motive behind the deployment remains unclear, as no prior clashes had been reported in the days leading up to the reinforcement.
Human rights advocates have repeatedly documented military atrocities in the region. According to a recent report by Fortify Rights, junta forces in Yebyu Township have engaged in killings, torture, and the arson of civilian homes as part of efforts to secure control over the strategic Dawei Special Economic Zone (SEZ)."
2026-09-08,Mizzima,Myanmar Junta Bans Villagers in Mandalay’s Myingyan District from Buying Rice,321,https://www.bnionline.net/en/news/myanmar-junta-bans-villagers-mandalays-myingyan-district-buying-rice,"Military junta forces in central Myanmar have banned residents from surrounding villages from entering key towns in Mandalay Region’s Myingyan District to purchase food and medicine, according to residents and an activist group.
The ban applies to major commercial hubs in the district, including Myingyan, Taungtha, and Natogyi Towns.
Locals reported that junta troops and members of the allied Pyusawhti militia at entry and exit checkpoints are confiscating basic supplies, physically assaulting buyers, and threatening them with death if they attempt to transport goods back to their villages.
The restrictions began in Myingyan and Taungtha on September 5, and extended to Natogyi on September 7, according to local sources and the Myingyan Public Movement Committee.
“They strictly prohibit us from bringing back rice, cooking oil, or medicine,” a Myingyan resident told Mizzima. “They told us, ‘Do not come at all. If you return, we will shoot you dead.’ All roads linking the towns and villages are now blocked.”DOCX
Sources indicate the travel ban could remain in place for 10 to 15 days, mimicking the military's long-standing ""Four Cuts"" doctrine—a counter-insurgency strategy designed to sever food, funding, intelligence, and recruitment lines to resistance forces.
Checkpoint inspections have grown increasingly violent. Residents carrying more than 4.2 kilograms of rice are reportedly physically assaulted, while those carrying smaller quantities have their food confiscated and discarded.
The restrictions pose a severe threat to food security in Myingyan District. Located in Myanmar’s arid Dry Zone, the area relies heavily on imported rice from irrigated regions like Ayeyarwady and Sagaing.
Local farmers primarily cultivate cash crops such as pulses, sesame, cotton, and onions, producing very little rice of their own.
While the junta has restricted the movement of food, oil, and salt in Myingyan District since last year—often subjecting villagers to extortion and transit fees of up to 5,000 MMK ($2.30 USD) per bag of rice—the complete closure of access roads marks a sharp escalation in enforcement."
2026-09-08,Independent Mon News Agency,"Child Killed, Woman Injured in Junta Artillery Attack on Mon State Village",203,https://www.bnionline.net/en/news/child-killed-woman-injured-junta-artillery-attack-mon-state-village,"A 10-year-old child was killed and his mother injured when Myanmar military junta forces shelled a civilian village in Mon State’s Bilin Township without prior engagement, according to residents.
Units from the junta’s Light Infantry Division 44, based in neighboring Kyaikto Township, fired two artillery shells toward Nyaung Thoke village at around 5:00 p.m. on September 6.
One shell detonated inside the village, killing the 10-year-old child instantly. The victim's mother, a woman in her 40s, suffered shrapnel wounds and is receiving care.
“The child was killed on the spot when the shell landed, and the mother was injured,” a resident told Mon News, emphasizing that no active fighting was occurring in or around the village at the time of the attack.
The shelling marks the latest in a series of indiscriminate attacks targeting civilian areas in Bilin Township. In August, a similar junta artillery strike in Zee Pyaw village killed a five-year-old kindergarten student and wounded at least 11 others.
According to reports from the Karen National Union (KNU), the military regime has increasingly relied on heavy artillery and airstrikes against populated villages across the region, resulting in rising civilian casualties, widespread destruction of homes, and the displacement of thousands of residents."
2026-09-07,Than Lwin Times,"Junta Deputy Commander Calls for Integrity, but Reality Tells a Different Story",411,https://www.bnionline.net/en/news/junta-deputy-commander-calls-integrity-reality-tells-different-story,"Although the junta’s deputy commander-in-chief has called on military officers leading battalions and brigades to avoid misconduct and uphold integrity, the reality on the ground is starkly different, according to Civil Disobedience Movement (CDM) participants and residents.
On September 4, during a meeting with officers at the Army’s Defense Services Headquarters compound in Naypyitaw, junta Deputy Commander-in-Chief General Kyaw Swar Lin stressed the importance of integrity and ethical conduct.
In his speech, he urged officers to set an example by adhering strictly to military discipline and warning against illicit drugs, corruption, sexual misconduct, and online gambling. In practice, however, systemic corruption reportedly permeates every level of the Myanmar military.
Captain Zin Yaw, a former military officer who joined the CDM, noted that some senior officers accumulated wealth through illegal drug trafficking early in their careers as second lieutenants before rising to high-ranking positions at headquarters. Consequently, leadership is fully aware of illicit activities by lower-level officers.
“The junta’s unwritten rule is that wrongdoing isn’t considered a crime unless you get caught,” Captain Zin Yaw said. “Even when someone is exposed, senior officers usually shield those close to them. The system doesn't deter misconduct—it simply encourages personnel to do it covertly.”
Illicit trade, drug trafficking, and online gambling operations currently thrive across major cities. Meanwhile, junta checkpoints along the Thai-Myanmar border systematically extort money from merchants under the guise of enforcing trade regulations.
A local political analyst emphasized that junta officials and soldiers—from border security commanders to rank-and-file personnel—are deeply entangled in corruption networks, as cyber-scam hubs, human organ trafficking, and drug rings rely directly on military protection and kickbacks.
“None of them, from high-level border officers to frontline soldiers, are clean,” the analyst said. “Virtually all illegal operations function through direct ties to junta authorities. The military regime is the central hub and primary perpetrator of these criminal networks.”
Residents also report that rank-and-file soldiers, heavily addicted to online gambling, routinely extort money and confiscate civilian property under pretenses.
“Soldiers at the bottom level are addicted to online gambling,” a border resident told Than Lwin Times. “They accuse civilians of carrying illegal goods, seize the items, and then erase them from official records. Ordinary people bear the brunt of this unchecked corruption.”
Furthermore, junta troops have reportedly been selling goods confiscated during raids on telecom scam centers along the Thai border at steep discounts and dividing the proceeds among themselves—a practice senior administrative officials are fully aware of but willfully ignore."
2026-09-07,Narinjara,Four Rakhine IDPs Killed in Ayeyarwady Region Airstrikes Within a Month,265,https://www.bnionline.net/en/news/four-rakhine-idps-killed-ayeyarwady-region-airstrikes-within-month,"Two displaced Rakhine civilians were killed on September 5 during a military airstrike on Pantawgyi village in Lay Myint Township, Ayeyarwady Region, according to local sources.
The victims—a father and son who had previously fled conflict in Rakhine State—were identified as U Hla Shwe, over 60, and Ko Min Htwe, over 30.
Residents reported that a military aircraft bombed the village around 5:00 a.m. despite the absence of active clashes in the immediate area. The strike destroyed at least six homes belonging to both residents and displaced families.
“Pantawgyi is located right on the Rakhine State border,” a resident told Narinjara. “There is no active fighting or military presence here. These families fled the war in Rakhine because they had nowhere else to go. They were already struggling with severe food shortages and poor living conditions, and now they are being bombed. The area is cut off from communications, and the remaining displaced people don't know where to run next.”
Pantawgyi village sits along the border between Ayeyarwady Region and the Rakhine Yoma mountain range—a strategic frontier where both the Arakan Army (AA) and its allies, as well as junta troops, maintain an active presence.
This attack marks the second fatal bombing of Rakhine refugees in the region within a single month. On August 5, a military airstrike targeted Thae Phyu village in neighboring Tharbaung Township—another border zone near the Rakhine Yoma—killing two displaced brothers and destroying their home.
The victims of that attack were identified as Ko Nga Soe, 40, and Ko Hla Htwe, 30, who had originally fled Gwa Township in Rakhine State."
2026-09-07,Development Media Group,"Women Group Calls for Urgent, Concrete Action to End Myanmar Junta Violence Against Civilians",338,https://www.bnionline.net/en/news/women-group-calls-urgent-concrete-action-end-myanmar-junta-violence-against-civilians,"As violence and human rights violations committed by the Myanmar military continue to escalate nationwide, the Burmese Women’s Union (BWU) has urgently called for precise and concrete international action to end atrocities against civilians.
According to a report released by the BWU on September 4, at least 55 women—including six minors—were killed in August 2026 alone due to military airstrikes, heavy artillery shelling, gunfire, and landmines.
Ma Yin Myo Hlaing, Joint General Secretary 1 of the BWU, emphasized that women and children are bearing the brunt of the military's direct targeting of civilian areas, underscoring the vital need for effective interventions.
“To prevent further loss of innocent lives and achieve the democracy we desire, we want a transition with reduced conflict and violence,” Ma Yin Myo Hlaing said. “A robust mechanism must be established to ensure full accountability for victims of violence, and concrete measures are essential to deliver justice.”
To support survivors and victims, the BWU is actively documenting and publishing evidence of abuses while delivering emergency assistance, including healthcare, food aid, and mental health referrals.
The organization's August data reveals that casualty rates among women were highest in Rakhine (Arakan) State with 17 fatalities, followed by Sagaing Region with 13. Other reported female deaths include nine in Chin State, six in Magway Region, three each in Bago Region and Karenni State, two in Kayin State, and one each in Mandalay and Tanintharyi regions.
Human rights advocates have strongly condemned the junta for weaponizing its air superiority against civilian populations amid mounting battlefield losses.
“I urge the international community to take effective action against the military regime for its ongoing crimes, human rights violations, and breaches of the Geneva Conventions,” said U Myat Tun, Director of the Arakan Human Rights Defenders and Promoters Association (AHRDPA). “They must swiftly face justice before the International Criminal Court (ICC) and International Court of Justice (ICJ).”
According to BWU documentation, military air and ground operations between January and July 2026 resulted in 358 female deaths and injured 351 others across Myanmar."
2026-09-07,Network Media Group,Myanmar Junta Struggles to Establish Control in Chin State Despite Retaking Several Towns,424,https://www.bnionline.net/en/news/myanmar-junta-struggles-establish-control-chin-state-despite-retaking-several-towns,"Although the Myanmar military has retaken several towns in Chin State, its administrative reach remains severely limited; Chin resistance organizations continue to control the vast majority of the territory, according to the Chinland Council.
Officials from the resistance-led Chinland Council shared this assessment during a press conference on August 28 following the release of their report, “Building Chinland: Exercising Self-Determination – Two and a Half Years of Alternative Governance by the Chinland Council.”
“Even previously, the junta’s influence in Chin State was confined to urban pockets in select townships, with no real authority over rural areas,” said Dr. Sui Khar, Foreign Minister of the Chinland Council-run Government of Chinland. “Official directives from the regime simply could not reach those regions. ""Recently, the junta managed to retake towns such as Tonzang and Falam, but it still struggles to secure them. The regime is primarily focused on controlling key transit routes, such as the highways connecting Kalay in Sagaing Region with Hakha and Tedim in Chin State; it has failed to gain total control.""
To secure the Kalay–Tedim and Kalay–Hakha highways, the military has established over 30 outposts and garrisons along the routes—an unprecedented deployment that highlights its precarious grip on the roads rather than firm control.
While the junta has reclaimed most parts of Falam, Tonzang, and Thantlang—towns previously liberated by resistance forces—it has been unable to restore its administrative machinery.
“The limits of the regime’s administrative reach were clearly exposed when it had to exclude numerous areas from its election,” said Salai Kep Chin Thang, secretary of the Chinland Council. “This demonstrates that the military still lacks total control. We retain the capacity to challenge them militarily at any time while maintaining parallel influence even within junta-controlled urban centers. In short, we continue to exert pressure through both military operations and governance.”
Across Chin State, the military’s administrative apparatus functions only in isolated urban centers. In contrast, Chin resistance forces continue to administer most of the territory, including vast rural areas and villages.
“While a few cities, towns, and their immediate surroundings remain under Naypyidaw’s control, the regime’s influence elsewhere is practically non-existent,” Dr. Sui Khar added. “Across those vast rural spans and liberated towns, the Chinland Council leads and operates the administrative system.”
Since the 2021 military coup, the junta has faced widespread armed resistance across Myanmar. In Chin State, various resistance groups initially captured numerous towns and established local governance structures.
Although the regime has launched counter-offensives to retake strategically vital territories, the majority of Chin State remains firmly under resistance control."
2026-09-07,Mizzima,"Indo-Myanmar Border Fencing Reaches 55 km, Full Completion Targeted for 2028",488,https://www.bnionline.net/en/news/indo-myanmar-border-fencing-reaches-55-km-full-completion-targeted-2028,"Approximately 55 kilometers of the border fence along India’s Manipur State and Myanmar has been completed, with the entire stretch targeted for completion by 2028, Manipur State Home Minister Govindas Konthoujam announced on September 2.
The minister disclosed the details in the State Legislative Assembly during a response to a calling attention motion raised by opposition MLA K. Ranjit Singh regarding reports of a proposed India-Myanmar land exchange.
Addressing the assembly, the Home Minister stated that the Manipur state government has not received any official communication from the Ministry of External Affairs regarding a land swap.
He emphasized that the government must consult affected residents before making decisions regarding territorial sovereignty.
Reports surfaced that the Indian government proposed a boundary adjustment involving approximately 1.4 square miles of land between border pillars 65 and 68, situated between Manipur’s Chandel district, India, and the Kabaw Valley in Sagaing Region, Myanmar.
The reports, initially published by The Diplomat on July 17, followed a visit to India by Myanmar Junta leader Min Aung Hlaing from May 30 to June 3, during which border security issues were discussed.
The minister explained that Manipur shares a 398-kilometer border with Myanmar, spanning from border pillars 32 to 130, with fencing currently completed along roughly 55 kilometers.
He highlighted the Moreh sector, between border pillars 75 and 79, as a vital and sensitive strategic area.
He added that logistics and difficulties in transporting construction materials have delayed the project, while demarcation work on remaining unmarked border stretches is ongoing.
However, resistance forces on the Myanmar side have voiced opposition to the project. A representative from the Tamu Township People’s Defense Force (PDF) told Mizzima that border fencing cannot be executed unilaterally, especially in undemarcated areas where territorial disputes persist.
“The fencing issue cannot be resolved unilaterally,” the PDF member said. “There are undemarcated territories and instances of encroachment. Fencing should not be forced through at this time and should only proceed after consulting a democratically elected government and gaining the agreement of local communities.”
According to the PDF representative, at least six instances of territorial encroachment from the Indian side have been documented.
Local PDF units have organized protests at active construction sites, including areas near Myothit town in upper Tamu Township, the Moreh-Tamu corridor, and stretches near border pillars 59–60, 75–76, and 82–83.
The representative also cited an unresolved incident near border pillar 59, alleging that Indian military personnel crossed into Myanmar, raided a Tamu District People’s Defense Team (PDT/PaKaPha) camp, and killed 10 members.
India is currently working to fence its entire 1,643-kilometer border with Myanmar to curb drug trafficking, illegal trade, undocumented migration, refugee spillovers, armed conflict, and broader security threats.
Despite New Delhi's security push, indigenous communities along the border—including the Mizo, Naga, Kuki, and Zo populations—continue to oppose the barrier.
They argue that a physical fence divides indigenous ancestral lands, disrupts local agricultural livelihoods, and severs shared ethnic and cultural ties."
2026-09-08,Chin World,Khumi Chin Community Opposes AA’s Arakan Language Curriculum in Paletwa,239,https://www.bnionline.net/en/news/khumi-chin-community-opposes-aas-arakan-language-curriculum-paletwa,"Indigenous Khumi Chin leaders and civil society groups have strongly opposed the Arakan Army’s (AA) implementation of an Arakan-language curriculum in basic education schools across Chin State’s Paletwa Township, calling the move a violation of indigenous rights.
The controversy arose after the AA and its political wing, the United League of Arakan (ULA), introduced Arakanese literature and history as a mandatory Grade 12 subject for the current academic year—replacing the standard Myanmar language subject not only in controlled areas of Arakan (Rakhine) State, but also in neighboring Paletwa.
In a statement issued on September 6, the Global Khumi Organization (GKO) condemned the policy, stating that imposing an external ethnic curriculum without local consent violates the United Nations Declaration on the Rights of Indigenous Peoples (UNDRIP) and risks sowing deep communal divisions.
""Bringing a new Arakan-language curriculum into Paletwa, which is an integral part of Chin State, is seen as an attempt to exert dominant ethnic influence,"" a local Khumi resident told Chin World. ""People are only remaining quiet because those issuing the orders are armed.""
Developed by the ULA’s Arakan National Education Department, the new Grade 12 curriculum uses the Myanmar alphabet to teach Arakanese literature, history, and traditional customs.
While Khumi literature is already taught in predominantly Khumi areas, local communities view the AA's unilateral educational policy as an overreach of authority in Chin State, underscoring growing governance tensions between the regional resistance administration and local ethnic minorities."
2026-09-08,Shan Herald Agency for News,Scammers Target Myanmar Travelers in Shan State to Fuel Telecom Fraud Operations,305,https://www.bnionline.net/en/news/scammers-target-myanmar-travelers-shan-state-fuel-telecom-fraud-operations,"Fraudsters in southern Shan State’s Taunggyi Township are targeting travelers at intercity bus stops and transit hubs, posing as bank representatives to collect national identification card (NIC) data and facial photographs for telecom scam syndicates, according to residents and victims.
Operating in towns like Aungpan, middle-aged scammers lure unsuspecting victims with offers to set up free accounts at major financial institutions, including KBZ Bank and AYA Bank.
After they take photographs of victims' identity cards and faces, the perpetrators abscond, selling the biometric and personal data to online scam operations—locally known as Zhapaian—for tens of millions of Myanmar kyat.
The scam exploits military junta travel mandates that require Myanmar citizens to carry physical identity cards at all times due to ongoing political instability.
Most victims realize their information has been stolen when they attempt to open a bank account themselves.
A resident of neighboring Ywangan Township, for instance, was turned away by KBZ Bank staff after finding an account had already been fraudulently registered using his identity credentials.
""I was in Aungpan when people offered to help me open a bank account. They took photos of my NIC and face, then claimed they couldn't finish it right away and left,"" the victim told the Shan Herald Agency for News. ""When I later went to open an account myself, I was told one was already registered under my name.""DOCX
Community members and cybersecurity advocates warn that stolen credentials put victims at severe legal risk, exposing them to liabilities involving illicit financial transactions, money laundering, and unauthorized loans.
Concerns are also growing over parallel security threats on regional transit routes, where individuals in junta uniforms have reportedly been seen photographing travelers' identity documents.
Local tech advocates have additionally urged the public to beware of phishing links distributed via Viber and Telegram platforms used to compromise mobile devices."
2026-09-08,Kachin News Group,Key Myanmar Bridge Damaged in Junta Airstrike Amid Heavy Fighting Near Bhamo,246,https://www.bnionline.net/en/news/key-myanmar-bridge-damaged-junta-airstrike-amid-heavy-fighting-near-bhamo,"A strategic dual-use bridge in Kachin State’s Bhamo Township was damaged in a military junta airstrike on September 5, following heavy attacks by resistance forces on a military flotilla navigating the Ayeyarwady River, residents and resistance sources reported.
The Hsinhkan Bridge—which carries both a road and railway line linking Bhamo with Katha in Sagaing Region—sustained structural damage during the bombardment. The airstrike bent the supporting steel frame on the eastern side, left a car-sized crater in the bridge deck, and rendered the railway line completely unusable.
The attack occurred after a 15-vessel junta flotilla traveling upstream from Mandalay came under intense ambush by a resistance coalition, including the Kachin Independence Army (KIA) and the Kachin People’s Defence Force (KPDF).
“The junta bombed the bridge both to secure the flotilla’s passage and to sever logistics routes coming from Sagaing Region,” a Bhamo-based resistance fighter stated on social media, noting that the narrow river section near Hsinhkan Village is a frequent ambush site.
While parts of the flotilla were heavily damaged—leading to the surrender of several vessels and the capture of nearly 200 prisoners of war by the KIA—seven ships, including two combat vessels, managed to reach Bhamo Town. Other vessels remain stranded in Shwegu Township.
Ground fighting continues to rage around Hsinhkan, Waema, Sinsakhan, and Nawngmo villages as disembarked junta troops attempt to regroup and counter resistance forces. Ongoing hostilities have restricted access to the site, preventing independent verification of the full extent of the bridge's damage."
2026-09-07,Narinjara,Military Offensive in Southern Ponnagyun Halts Following Heavy Casualties,432,https://www.bnionline.net/en/news/military-offensive-southern-ponnagyun-halts-following-heavy-casualties,"A major military offensive in southern Ponnagyun Township, located 16 miles north of the Rakhine State capital of Sittwe, has reportedly ground to a halt after junta forces suffered heavy casualties, according to local sources.
The multi-pronged assault, which began on September 4, involved coordinated operations from the army, navy, and air force.
“The military attacked several villages controlled by the Arakan Army (AA) in southern Ponnagyun Township,” a local military source told Narinjara. “They carried out heavy airstrikes and naval shelling alongside a ground push. However, the military was forced to retreat in several areas due to severe casualties, and the offensive is currently stalled.”
Junta forces targeted AA-held villages from positions including Shwe Min Gan, Tow Kan, Ye Yo Pyin, Wa Bo, Ywa Haung Chaung, and Min Chaung, with the most intense clashes occurring near Shwe Min Gan.
“The navy advanced along the Kaladan River to shell the area, supported by aircraft, while ground columns advanced toward Shwe Min Gan and Tow Kan,” the source added. “As they pushed through Shwe Min Gan, AA forces engaged them at close range, inflicting heavy casualties.”
Reports indicate that the majority of junta casualties were newly conscripted militia members from the Regional Production Corps (RPCs).
“On the night of September 4, they bombed Min Hla village and fired heavy artillery before advancing toward AA positions,” another local source reported. “The AA fiercely retaliated. Many conscripts were killed because they lacked proper combat training. Local reports noted they were shot immediately upon raising their heads as they didn't even know how to crawl for cover.”
Concurrently, junta forces launched an assault north of the Min Chaung Bridge with naval and air support. However, local military sources confirmed they retreated to the bridge after suffering severe losses. Following the retreat, Sittwe-based military units targeted the outskirts of Kwan Taung village with artillery and drones.
Residents noted unconfirmed reports that the Arakan Army also suffered casualties during the clashes; however, the AA has not yet released an official statement.
“The AA initially withdrew from a small outpost near Kwan Taung due to being outnumbered,” a resident explained. “However, they quickly regrouped and counterattacked, forcing the military to retreat with heavy losses. AA forces also maintained the upper hand near Sapa Htar village, where junta troops suffered heavy casualties before falling back.”
While ground operations have paused following the military's retreat, naval vessels and Sittwe-based artillery units continue to launch intermittent shelling into southern Ponnagyun Township.
Narinjara is continuing to monitor the situation along the Sittwe-Ponnagyun border and will provide updates as more information becomes available.Photo: Crd"
2026-09-07,Development Media Group,Thousands Flee Ponnagyun and Rathedaung as Fighting Escalates Near Sittwe,319,https://www.bnionline.net/en/news/thousands-flee-ponnagyun-and-rathedaung-fighting-escalates-near-sittwe,"Thousands of residents from Ponnagyun and Rathedaung townships, which border the Rakhine State capital of Sittwe, have been forced to flee their homes as heavy fighting intensifies, according to local sources.
Villagers reported that the Myanmar military has launched relentless strikes using heavy artillery, airstrikes, and rocket salvoes, impacting residential areas and causing civilian casualties.
“Artillery shells landed in Kuntaung, Padetha, and Yarchaung villages, as well as Ponnagyun Town,” said a female resident from Ponnagyun. “Residents in Yarchaung and Yayphyukan villages, along with people in Ponnagyun Town, have begun fleeing to safer areas after an exploding shell injured a woman on September 4.”
In Ponnagyun Township, displaced residents include locals from Tabethlan, Yarchaung, Ahtelthae, Hsininngyi, Yayphyukan, and Chaungwa Villages, as well as Ponnagyun Town itself.
Concurrently, hundreds of residents from Rathedaung Township—specifically Aungseik, Thanchaung, Kalarchaung, Aungma, Magyichaung, Angumaw, Kyetyoeseik, and Sarpyingyi Villages—are fleeing due to nearby clashes and the ongoing threat of junta artillery fire.
“Heavy artillery shells and small arms fire have been landing in the fields near our villages, leaving behind unexploded ordnance,” a local man from Rathedaung said. “Terrified by the constant gunfire, residents are seeking refuge in neighboring villages or staying with relatives.”
Intense clashes between the Myanmar military and the Arakan Army (AA) have raged along the Sittwe-Ponnagyun border since September 4 and remain ongoing.
Amid relentless artillery fire from naval vessels and nine Sittwe-based battalions, the Arakan Army temporarily closed the main highway near Ponnagyun Town.
“Fighting remained intense this morning following overnight artillery and airstrikes,” a local man in Ponnagyun reported. “Shells landed directly on and near the highway, forcing a complete road closure. The military is firing indiscriminately.”
Clashes across Rakhine State have simultaneously escalated in the remaining junta-held hubs of Sittwe and Kyaukphyu, with the military relying heavily on air and naval power. Junta forces are also attempting amphibious landings along the coast in southern Rakhine's Gwa and Thandwe townships."
2026-09-05,Mizzima,Retreating junta column hits landmines in Chaung-U after weeklong offensive,259,https://www.bnionline.net/en/news/retreating-junta-column-hits-landmines-chaung-u-after-weeklong-offensive,"A Myanmar military junta column of roughly 300 troops retreated from Chaung-U Township in Sagaing Region on September 3, leaving behind civilian casualties and looted villages before suffering heavy losses from landmines, according to local resistance sources.
Following the junta's withdrawal, revolutionary forces entered the affected villages to conduct clearance operations. During the sweep, fighters discovered the decomposing bodies of three residents alongside dead livestock.
“The bodies were already decomposing when we arrived,” a military source with the resistance forces said. “I urge residents to flee immediately as soon as they hear reports of an advancing column. Seeing civilians killed like this fills us with grief and anger. They had time to evacuate, but unfortunately stayed behind.”
Mizzima is currently verifying the identities and circumstances surrounding the three deceased residents.
According to resistance sources, the retreating troops heavily plundered civilian properties before hitting landmine traps laid by revolutionary forces along their withdrawal route.
“On their way back after looting, they detonated landmines planted along their path,” the source added. “Casualties appear to be high, and ambulances were seen rushing back and forth in chaos.”
The junta column originally launched its offensive on August 29, triggering a one-hour firefight with resistance forces on September 1. During that engagement, junta troops fired indiscriminately, killing two local civilians.
The weeklong operation forced residents from roughly 10 villages across Chaung-U Township to abandon their homes. Resistance fighters have advised displaced villagers attempting to return to exercise extreme caution due to the lingering threat of unexploded ordnance and landmines left behind by regime forces."
2026-09-05,Development Media Group,Fighting resumes in Sittwe as junta and Arakan Army exchange heavy artillery and drone strikes,316,https://www.bnionline.net/en/news/fighting-resumes-sittwe-junta-and-arakan-army-exchange-heavy-artillery-and-drone-strikes,"Clashes erupted between Myanmar’s military junta and the Arakan Army (AA) in Sittwe Township, Arakan State, on the morning of September 4, breaking a month-long lull in the state capital’s vicinity with intense exchanges of artillery, drone strikes, and ground fire.
Military sources and residents reported that active fighting broke out along the border connecting Sittwe and Ponnagyun townships. Regime forces deployed heavy artillery, multiple-launch rocket systems (MLRS), and combat drones, while AA forces retaliated with heavy artillery, drones, and small-arms fire.
“Tensions escalated after the junta launched provocative airstrikes yesterday,” a military source said. “Heavy artillery barrages this morning triggered mutual clashes, with both sides exchanging continuous fire throughout the day.”
The surge in ground fighting follows a series of junta air raids on the afternoon of September 3, which targeted seven villages across Ponnagyun, Sittwe, and Rathedaung townships.
The Sittwe front had been relatively quiet since late July before these latest strikes.
Residents in neighboring Ponnagyun Township reported hearing near-constant bombardments and small-arms fire from 5:00 AM to 10:00 AM on September 4.
“We started hearing heavy artillery, rocket launchers, and gunfire early in the morning,” said a Ponnagyun resident. “The clashes appear severe—the explosions were so intense that the ground shook in nearby villages.”
The escalation is part of a broader offensive by regime forces.
On September 3, junta warships shelled coastal areas in Gwa and Thandwe townships before launching coordinated air raids across Sittwe, Ponnagyun, and Rathedaung later that afternoon.
Following the intensified bombardments, the Arakan Army issued an emergency public advisory, urging civilians across Arakan State to take extreme precautions against ongoing naval shelling and airstrikes.
The AA has maintained a tight siege around Sittwe after capturing the surrounding townships of Werathani, Ponnagyun, and Rathedaung.
Although ground engagements directly inside Sittwe had temporarily lulled, AA forces have kept steady offensive pressure on regime positions through periodic artillery strikes and strategic encirclement."
2026-09-05,Network Media Group,Displacement exceeds 1.6 million in southeastern Myanmar as aid groups face mounting hurdles,400,https://www.bnionline.net/en/news/displacement-exceeds-16-million-southeastern-myanmar-aid-groups-face-mounting-hurdles,"Escalating ground offensives and airstrikes by Myanmar’s military junta have displaced more than 1.6 million people across Mon State, Karen State, and Tanintharyi Region. Local humanitarian groups warn that fleeing communities face severe shortages of food, medicine, and adequate shelter.
Across southeastern Myanmar, relentless artillery shelling, drone strikes, and aerial bombardments have forced tens of thousands of families to seek refuge in forests and rubber plantations, where many have remained trapped for months.
“Data collected through August shows more than 299,729 people displaced in Mon State, over 799,700 in Karen State, and upwards of 516,240 in Tanintharyi Region,” said Nai Aue Mon, program director of the Human Rights Foundation of Monland (HURFOM). “In just one week, we confirmed an additional 2,500 displaced people in Karen, 1,200 in Mon, and 2,100 in Tanintharyi. The true figures on the ground are likely significantly higher.”
Humanitarian responders emphasize that displaced populations urgently require basic survival essentials, including tarpaulins, food, clean drinking water, medicine, and personal hygiene products.
The onset of the monsoon season has exacerbated health crises, with malaria, seasonal flu, and waterborne diseases spreading rapidly through overcrowded temporary camps.
“Almost every township now has displaced populations,” said a humanitarian worker operating in Tanintharyi Region. “They desperately need shelter materials, emergency rations, and essential medicine. Malaria is rampant right now, and we recently confirmed two or three deaths from the disease.”
The protracted displacement is also severely disrupting children's education and health.
Families living in primitive forest shelters report a lack of nutritious food for young children, leading to widespread malnutrition alongside limited access to schooling.
Safety risks remain extreme even when active fighting pauses. Junta forces frequently plant landmines near residential areas before withdrawing from military operations, posing a deadly threat to returning civilians.
Concurrently, humanitarian organizations face immense logistical barriers. Strict communication blackouts imposed by the regime hamper aid coordination, while relief convoys face harassment, arbitrary searches, and blockades at military checkpoints.
“Transportation is our greatest obstacle,” Nai Aue Mon explained. “Aid workers risk encountering junta columns or checkpoints at any time. Ongoing military operations, artillery strikes, and drone attacks make field distribution extraordinarily dangerous. Compounded by shrinking donor funding, organizing effective relief efforts is becoming harder by the day.”
The humanitarian crisis continues to deepen as regime forces intensify air and ground assaults in an effort to recapture lost territory, key border trade routes, and strategic positions across the region."
2026-09-05,Development Media Group,Death toll from Arakan State boat capsizes reaches 30 during monsoon season,297,https://www.bnionline.net/en/news/death-toll-arakan-state-boat-capsizes-reaches-30-during-monsoon-season,"Fatalities from boat capsizing incidents in Arakan State have steadily risen throughout this year's monsoon season, with at least 30 deaths recorded between May and September.
According to local reports, the fatalities include nine residents from Anjanapura and Myebon townships, 12 from Rathedaung Township, and nine from Taungup Township. The victims include students, teachers, and other education workers.
In a recent incident on August 30, a motorboat traveling from Ohphauk Village in Rathedaung Township to Nyaungchaung Village in Buthidaung Township capsized in rough waters. Nine passengers were rescued, but a schoolteacher drowned.
The tragedy has renewed calls for enhanced safety measures on local waterways, where safety equipment remains scarce.
“All passenger motorboats should carry life jackets or plastic containers for emergency flotation,” said an education worker from Buthidaung Township. “Teachers cannot afford to buy life jackets on their meager salaries. It would be best if the United League of Arakan (ULA) could provide them.”
Travelers across Arakan State rely heavily on both land and waterway transport. However, since the resurgence of armed conflict in the region, land routes have been severely disrupted or blocked, forcing residents to rely on hazardous water travel.
As a coastal territory with extensive river networks, Arakan State faces heightened risks during the annual monsoon season due to sudden flooding, high tides, and powerful currents.
“During this period, extra caution is vital when traveling by water,” said a resident of Werathani Township. “Weather conditions are unpredictable, and river currents here are notoriously swift. Travelers should exercise extreme caution—such as seeking shelter in safe tributaries—when high tides coincide with heavy rain and strong winds.”
Local authorities and community leaders continue to urge commuters and boat operators to adhere to basic safety precautions to prevent further avoidable loss of life during the remaining monsoon months."
2026-09-04,Development Media Group,Youth-Led Initiatives Drive Inter-Community Cohesion and Trust in Arakan State,275,https://www.bnionline.net/en/news/youth-led-initiatives-drive-inter-community-cohesion-and-trust-arakan-state,"Youth-led initiatives aimed at fostering social cohesion are gaining momentum across Arakan State through informal dialogues and cultural exchange platforms, bringing together young leaders from diverse ethnic and religious backgrounds.
In late August, approximately 100 youth participants—including Arakanese, Mro, Chakma, Khami, Muslim, and Hindu representatives—assembled in Kyauktaw Township for a cross-community networking event.
“The objective is to strengthen youth participation in the development of Arakan State,” said one of the event organizers. “We organized this to build closer relationships among local youth, with the ultimate goal of fostering long-term peace, stability, and development.”
During the session, participants engaged in open discussions, sharing traditional customs to bridge historical divides and build mutual respect.
Participants noted that these dialogues are yielding tangible improvements in inter-community relations, serving as an effective tool to reduce local friction.
“Muslim communities have historically coexisted alongside other groups in Arakan State for generations,” said Ko Maung Maung Than, a Muslim participant. “Opportunities to exchange cultural traditions significantly strengthen social cohesion. Sustaining these platforms will help reduce conflict and restore trust.”
While praising community-driven efforts, attendees emphasized that institutional support is equally vital for lasting stability. They called on the United League of Arakan (ULA) to prioritize minority rights and embed social cohesion strategies into its broader administrative policies.
“Officials serving under the ULA must pay close attention to ethnic minority groups and actively promote social cohesion,” said Ko Aung Lin, a Chakma youth representative.
Similar youth gatherings are now taking place regularly across Maungdaw District.
The Arakan Army (AA) has stated that building inter-community trust remains a key priority while actively attempting to involve diverse ethnic groups in its emerging administrative structure."
2026-09-04,Kachin News Group,KIO Questions Nearly 200 PoWs Captured in Riverine Ambush Near Shwegu,263,https://www.bnionline.net/en/news/kio-questions-nearly-200-pows-captured-riverine-ambush-near-shwegu,"The Kachin Independence Organization (KIO) has initiated interrogations of nearly 200 prisoners of war (PoWs) captured during a high-stakes military operation targeting a junta naval flotilla near Shwegu Town in Kachin State, officials confirmed.
The captives were taken after the Kachin Independence Army (KIA)—the armed wing of the KIO—and allied resistance forces ambushed the 15-vessel regime convoy traveling upstream along the Ayeyarwady River. The KIO transferred all detainees to a secure facility before commencing investigations.
“They are currently under the custody of our military division,” KIO spokesperson Colonel Naw Bu said. “It is too early to specify the exact ratio of active soldiers to non-combatants, but everyone has been relocated to a safe location, and questioning is underway.”
Frontline KIA sources reported that approximately 190 individuals were captured, including 151 military personnel and conscripts, 17 police officers, 16 wives of military personnel, and six children, indicating that soldiers were traveling alongside family members.
The flotilla originally departed from Mandalay on August 21 to deliver critical reinforcements, ammunition, and supplies to besieged junta outposts in Bhamo Township. Upon reaching Shwegu in late August, the convoy faced intense bombardment from resistance forces as it attempted to push toward Bhamo on September 2.
Overwhelmed by the assault, two vessels raised white flags and surrendered to resistance fighters, while five other vessels sustained severe damage. Despite heavy losses, seven vessels managed to break through and dock in Bhamo on September 3.
The Ayeyarwady River remains a vital resupply corridor for the regime as it struggles to maintain control over Bhamo amidst ongoing resistance offensives across northern Myanmar."
2026-09-04,Than Lwin Times,Myanmar Junta Touts Post-Service Employment for Conscripts Amid Widespread Skepticism,274,https://www.bnionline.net/en/news/myanmar-junta-touts-post-service-employment-conscripts-amid-widespread-skepticism,"Pro-junta Telegram channels are aggressively promoting claims that private domestic and foreign companies are offering job opportunities to conscripts who complete their mandatory two-year military service.
Propaganda posts circulate job listings detailing salaries, overtime pay, and Social Security coverage, arguing that private firms—particularly security agencies—prefer hiring former conscripts for their discipline, physical fitness, and tactical training.
The channels also cite potential openings in lightning protection installation, street lighting, agriculture, livestock, and electrical manufacturing, often including contact numbers for security firms.
However, independent verification of these listings and company credentials remains impossible. Residents and analysts widely dismiss the campaign as regime disinformation.
“These are just claims made by the junta, not what’s actually happening on the ground,” a Mon State resident told Than Lwin Times. “In our area, we haven’t even heard of the junta discharging any conscripts. No one trusts these promises—it is nothing more than propaganda.”
The junta activated the People’s Military Service Law in February 2024, drafting young citizens across successive cohorts. To date, 25 batches have entered training, with the initial four cohorts having completed their prescribed two-year commitment.
Despite official claims that state ministries and private enterprises are coordinating post-service placements, junta officials themselves reveal a starkly different reality. The deputy minister of the junta-controlled Ministry of Labour recently admitted that only eight former conscripts from the first four batches have secured employment.
With each intake drafting approximately 5,000 recruits, the figure highlights the regime’s negligible capacity to provide post-service employment. Furthermore, the military administration has refused to disclose the total number of conscripts discharged, fueling widespread suspicion that high casualty rates on the frontline account for the missing transparency."
2026-09-04,Network Media Group,Seven Junta Vessels Reach Bhamo with Fuel and Reinforcements After Loosing Eight Vessels,321,https://www.bnionline.net/en/news/seven-junta-vessels-reach-bhamo-fuel-and-reinforcements-after-loosing-eight-vessels,"Seven vessels from a junta naval flotilla traveling upstream along the Ayeyarwady River from Mandalay have docked in Bhamo Town, Kachin State, according to local resistance sources.
The 15-vessel convoy originally departed from Mandalay’s Gaw Wein jetty on August 21 to resupply military outposts in northern Myanmar.
Despite coming under sustained attacks by the Kachin Independence Army (KIA) and allied resistance forces along the river route, two riverine combat ships and five cargo vessels successfully reached Bhamo on September 3.
The arrival delivers critical resupply to regime forces in the area, delivering fresh troops, fuel, military supplies, and junta administrative personnel.
“The vessels have docked in Bhamo—two combat ships and five cargo vessels,” a Bhamo-based resistance fighter told NMG. “If this flotilla hadn’t made it, the junta troops here would have been in serious trouble. This time, the junta also brought administrative civil servants along.”
While the seven arriving vessels represent a smaller fleet than last year’s 13-vessel resupply convoy, local sources note that the substantial influx of reinforcement troops is expected to significantly impact frontline military dynamics around Bhamo.
The flotilla passed through Thabeikkyin, Tagaung, Tigyaing, and Katha townships before reaching Shwegu Town in Kachin State on August 28. After offloading portion of its cargo in Shwegu, the seven vessels resumed their journey toward Bhamo on September 2.
Meanwhile, heavy fighting continues upstream in Shwegu Township. On August 30, KIA and Kachin People’s Defence Force (KPDF) units overran a temporary junta security post near Zinbon Village established to guard the flotilla.
The regime subsequently launched a counteroffensive using four columns totaling roughly 200 troops, sparking active clashes across the Zinbon mountain range and along the Shwegu–Hsinhkan Road.
The seven vessels managed to slip through to Bhamo while fighting was ongoing, while the remaining eight vessels from the original convoy remain stationed in Shwegu.
Independent verification regarding the exact volume of weapons, fuel, and military hardware delivered to Bhamo remains pending."
2026-09-04,Independent Mon News Agency,Mon State Prepares to Expand Ethnic Language Instruction to Grades 4 and 5,311,https://www.bnionline.net/en/news/mon-state-prepares-expand-ethnic-language-instruction-grades-4-and-5,"Preparations are underway to expand Mon language instruction to Grades 4 and 5 across basic education schools in Mon State starting next academic year, according to members of the Mon Literature and Culture Committee.
The initiative follows an August 26 meeting between officials from the military administration’s Ministry of Ethnic Affairs, the Department of Education and Ethnic Literature and Culture, the Mon National Education Committee, a Mon political party, and local literature and culture representatives to address Mon language education policy and regional schooling needs.
As part of the rollout, the Mon Literature and Culture Committee will conduct township-by-township assessments throughout September. The survey will evaluate current classroom conditions, student enrollment, faculty counts, and resource shortages across the state.
“As instruction progresses, we will make necessary adjustments to address emerging gaps,” a committee member said. “Our team will initially conduct consultations across all village tracts in Mawlamyine Township.”
While select schools with adequate faculty have already launched Mon language classes for Grades 4 and 5, widespread expansion is facing significant staff shortages.
According to committee members, no new Teaching Assistants (TA) or Language Teachers (LT) applied during the current academic year, primarily due to low incentives and lack of benefits.
To address the shortage, local Mon literature and culture organizations are mobilizing community teachers and attempting to supplement salaries and benefits through local fundraising. However, recruitment remains hampered by administrative delays between the Ministry of Ethnic Affairs, which oversees teacher appointments, and the Ministry of Education, which grants teaching authorization.
The upcoming Grade 4 and 5 courses will utilize Mon language textbooks and curricula originally developed in 2010. The committee is coordinating with the Department of Education to resolve ongoing textbook shortages before the new school term.
Mon ethnic language instruction is currently offered at basic education schools across six townships in Mon State: Paung, Chaungzon, Kyaikmaraw, Mudon, Thanbyuzayat, and Ye."
2026-09-04,Karen Information Center,"KNU signs off on designation of 33 ‘Kaw’ territories covering nearly 400,000 acres",426,https://www.bnionline.net/en/news/knu-signs-designation-33-kaw-territories-covering-nearly-400000-acres,"The Karen National Union (KNU) Central Executive Committee signed and approved the designation of 33 ‘Kaw’ territories covering a total of 380,984.1 acres in areas under KNU control on September 3.
The 33 ‘Kaw’ territories are areas governed under the traditional systems of Indigenous communities.
‘Kaw’ refers to a traditional territorial governance system that has existed among Indigenous Karen communities since before modern administrative systems emerged. Under the system, local communities protect, conserve and manage land, forests, mountains and natural resources in accordance with their traditional customs and practices.
According to KNU, 10 of the newly designated 33 ‘Kaw’ territories are located within the Salween Peace Park zone in Mutraw (Hpapun) District, while the remaining 23 are in the Thawthi Taw-oo Indigenous Park area in Tawoo (Taungoo) District.
The KNU Central Executive Committee said the recognition of the ‘Kaw’ territories aims to protect Indigenous communities’ land rights, ensure the long-term conservation of the environment, forests, water and land, and preserve the traditional cultural identity of the Karen people.
“By officially recognizing these ‘Kaw’ territories, local communities will benefit because they can manage their own territories, make a living according to their traditional practices and preserve their customs and traditions,” said Padoh Saw Lay Say, head of the Agriculture and Farming Department under the Central Executive Committee.
The signing ceremony to officially designate the ‘Kaw’ territories, held at an undisclosed location near the Thailand-Myanmar border, was led by Padoh Saw Eh Kalu Say, head of the Land Committee under the Central Executive Committee. Administrative authority over the territories will also be transferred to the relevant districts, townships and villages.
Each ‘Kaw’ territory is recognized as having its own traditional land-management system, governance by traditional leaders, and the authority to manage land, forests and natural resources in accordance with customary law.
Padoh Saw Eh Kalu Say said successive military dictatorships had refused to protect and promote Indigenous communities’ customary practices. In contrast, the ‘Kaw’ territories will be managed through the communities’ own customary practices and traditional governance systems.
More than 300 candidate areas have been proposed across Kawthoolei, the historic and aspirational homeland of the Indigenous Karen people, for recognition based on their existing systems of territorial governance and the protection and preservation of traditional customs. The KNU is reviewing the proposed areas before officially recognizing them as ‘Kaw’ territories.
The Central Executive Committee’s latest decision marks the second round of ‘Kaw’ designations. In 2022, the KNU recognized a total of five ‘Kaw’ territories in the first round — four in Tawoo District and one in Mutraw District."
2026-09-08,Chin World,Khumi Chin Community Opposes AA’s Arakan Language Curriculum in Paletwa,239,https://www.bnionline.net/en/news/khumi-chin-community-opposes-aas-arakan-language-curriculum-paletwa,"Indigenous Khumi Chin leaders and civil society groups have strongly opposed the Arakan Army’s (AA) implementation of an Arakan-language curriculum in basic education schools across Chin State’s Paletwa Township, calling the move a violation of indigenous rights.
The controversy arose after the AA and its political wing, the United League of Arakan (ULA), introduced Arakanese literature and history as a mandatory Grade 12 subject for the current academic year—replacing the standard Myanmar language subject not only in controlled areas of Arakan (Rakhine) State, but also in neighboring Paletwa.
In a statement issued on September 6, the Global Khumi Organization (GKO) condemned the policy, stating that imposing an external ethnic curriculum without local consent violates the United Nations Declaration on the Rights of Indigenous Peoples (UNDRIP) and risks sowing deep communal divisions.
""Bringing a new Arakan-language curriculum into Paletwa, which is an integral part of Chin State, is seen as an attempt to exert dominant ethnic influence,"" a local Khumi resident told Chin World. ""People are only remaining quiet because those issuing the orders are armed.""
Developed by the ULA’s Arakan National Education Department, the new Grade 12 curriculum uses the Myanmar alphabet to teach Arakanese literature, history, and traditional customs.
While Khumi literature is already taught in predominantly Khumi areas, local communities view the AA's unilateral educational policy as an overreach of authority in Chin State, underscoring growing governance tensions between the regional resistance administration and local ethnic minorities."
2026-09-08,Shan Herald Agency for News,Scammers Target Myanmar Travelers in Shan State to Fuel Telecom Fraud Operations,305,https://www.bnionline.net/en/news/scammers-target-myanmar-travelers-shan-state-fuel-telecom-fraud-operations,"Fraudsters in southern Shan State’s Taunggyi Township are targeting travelers at intercity bus stops and transit hubs, posing as bank representatives to collect national identification card (NIC) data and facial photographs for telecom scam syndicates, according to residents and victims.
Operating in towns like Aungpan, middle-aged scammers lure unsuspecting victims with offers to set up free accounts at major financial institutions, including KBZ Bank and AYA Bank.
After they take photographs of victims' identity cards and faces, the perpetrators abscond, selling the biometric and personal data to online scam operations—locally known as Zhapaian—for tens of millions of Myanmar kyat.
The scam exploits military junta travel mandates that require Myanmar citizens to carry physical identity cards at all times due to ongoing political instability.
Most victims realize their information has been stolen when they attempt to open a bank account themselves.
A resident of neighboring Ywangan Township, for instance, was turned away by KBZ Bank staff after finding an account had already been fraudulently registered using his identity credentials.
""I was in Aungpan when people offered to help me open a bank account. They took photos of my NIC and face, then claimed they couldn't finish it right away and left,"" the victim told the Shan Herald Agency for News. ""When I later went to open an account myself, I was told one was already registered under my name.""DOCX
Community members and cybersecurity advocates warn that stolen credentials put victims at severe legal risk, exposing them to liabilities involving illicit financial transactions, money laundering, and unauthorized loans.
Concerns are also growing over parallel security threats on regional transit routes, where individuals in junta uniforms have reportedly been seen photographing travelers' identity documents.
Local tech advocates have additionally urged the public to beware of phishing links distributed via Viber and Telegram platforms used to compromise mobile devices."
2026-09-08,Kachin News Group,Key Myanmar Bridge Damaged in Junta Airstrike Amid Heavy Fighting Near Bhamo,246,https://www.bnionline.net/en/news/key-myanmar-bridge-damaged-junta-airstrike-amid-heavy-fighting-near-bhamo,"A strategic dual-use bridge in Kachin State’s Bhamo Township was damaged in a military junta airstrike on September 5, following heavy attacks by resistance forces on a military flotilla navigating the Ayeyarwady River, residents and resistance sources reported.
The Hsinhkan Bridge—which carries both a road and railway line linking Bhamo with Katha in Sagaing Region—sustained structural damage during the bombardment. The airstrike bent the supporting steel frame on the eastern side, left a car-sized crater in the bridge deck, and rendered the railway line completely unusable.
The attack occurred after a 15-vessel junta flotilla traveling upstream from Mandalay came under intense ambush by a resistance coalition, including the Kachin Independence Army (KIA) and the Kachin People’s Defence Force (KPDF).
“The junta bombed the bridge both to secure the flotilla’s passage and to sever logistics routes coming from Sagaing Region,” a Bhamo-based resistance fighter stated on social media, noting that the narrow river section near Hsinhkan Village is a frequent ambush site.
While parts of the flotilla were heavily damaged—leading to the surrender of several vessels and the capture of nearly 200 prisoners of war by the KIA—seven ships, including two combat vessels, managed to reach Bhamo Town. Other vessels remain stranded in Shwegu Township.
Ground fighting continues to rage around Hsinhkan, Waema, Sinsakhan, and Nawngmo villages as disembarked junta troops attempt to regroup and counter resistance forces. Ongoing hostilities have restricted access to the site, preventing independent verification of the full extent of the bridge's damage."
2026-09-04,Mizzima,Heavy Rains Trigger Widespread Floods in Kalay Near Indian Border; Thousands Evacuated,410,https://www.bnionline.net/en/news/heavy-rains-trigger-widespread-floods-kalay-near-indian-border-thousands-evacuated,"Widespread flooding caused by days of relentless heavy rainfall has submerged low-lying areas across Kalay Township in Sagaing Region—located near the Indian border—forcing hundreds of residents and internally displaced persons (IDPs) to flee to emergency shelters and higher ground.
The Myittha River, alongside several key tributaries—including Nat Chaung, Aung Myin Thar, Sae Gyi, Nat Nan, Zin Ka Lin, and Upote creeks—overflowed its banks, inundating numerous rural villages and urban wards in Kalay town.
""With continuous rain, water levels are expected to keep rising,"" a local resident told Mizzima. ""The eastern, southern, and northern parts of Kalay flood annually. Currently, only higher-ground areas like Tahan and a small section of the downtown center remain dry as the number of evacuees grows.""
Floodwaters have submerged more than a dozen villages—including Phaungku, Kyi Kone, Nan Han Nwet, Nan Sawng Pu, Pyin Taw Oo, Sakhan Gyi, Taung Oo, Pyin Thar, Chin Saing, Hto Mar, and Zin Ka Lin—along with low-lying urban wards such as Mingalar Oo Yin, Nyaung Pin Thar, Aung Mingalar, Aung Thitsa, Aung Zeya, Nay Pyi Taw, Kyo Thon Pin, and Thazin.
The deluge inundated local infrastructure, flooding the Phaungku monastery, destroying a church in Khaikam, and sweeping away makeshift IDP shelters along the Myittha River. Authorities and rescue teams were also forced to evacuate several patients from Kalay General Hospital to safer facilities. Extensive agricultural fields and standing crops have been damaged, though full loss estimates remain unavailable.
Infrastructure damage has further complicated relief efforts. In southern Kalay, severed Ooredoo fiber-optic cables have left communities facing severe phone and internet blackouts, with repair crews unable to access affected sites due to high water levels.
Rescue operations are currently underway. Emergency relief centers, including one at Saint Mary’s School (BEHS-3) in downtown Kalay, have been set up to shelter displaced residents.
Local defense forces and administration officials are coordinating rescue logistics. An official from the National Unity Government (NUG) Ministry of Humanitarian Affairs and Disaster Management confirmed that response teams are assisting residents with household evacuations and navigating flooded roadways. Units from the Chin National Defence Force – Upper Chindwin (CNDF-UCR) are also actively assisting in search-and-rescue efforts.
The flooding in Kalay is part of a broader disaster unfolding across Upper Myanmar. Continuous heavy rains combined with dam water releases have impacted nearly 620,000 people across 25 townships in Sagaing, Mandalay, Magway, and Ayeyarwady regions, as well as Karen State, leaving at least 32 people dead, according to NUG disaster response figures."
2026-09-04,Development Media Group,Arakan State Law Enforcement Faces Backlash Over Unresolved Rape Cases,339,https://www.bnionline.net/en/news/arakan-state-law-enforcement-faces-backlash-over-unresolved-rape-cases,"The Department of Law Enforcement and Public Security (DLEPS), the security wing of the United League of Arakan (ULA), announced that active operations are underway to arrest multiple fugitives wanted in connection with recent rape cases across Arakan State.
The incidents, which occurred in territory governed by the Arakan Army (AA), include the statutory rape of a minor in Werathani Township, the sexual assault of a woman with disabilities in Thandwe Township, and a fatal sexual assault in Paletwa Township.
The continued freedom of these perpetrators has drawn sharp criticism from women's rights advocates, who cite systemic law enforcement weaknesses, corruption, and informal out-of-court financial settlements as key factors allowing suspects to evade justice.
""The ULA must strictly safeguard the privacy and personal data of victims to prevent leaks. When such crimes occur, we want authorities to build solid, evidence-based cases for effective prosecution,"" said a female rights activist from Myebon Township.
Rights advocates noted that social stigma often deters families from reporting sexual violence.
They added that persistent telecommunications blackouts and severe transport restrictions in the region further hamper official investigations, giving suspects ample time to flee.
The delay in apprehending suspects creates significant judicial hurdles, according to local advocates.
""When perpetrators remain at large, critical evidence is lost, delay impedes timely data collection, and investigative tracking becomes far more difficult,"" said Ma Dar Li, an activist from Kyauktaw Township. ""Leaking upcoming arrest plans and delays in reporting systems give suspects the window they need to escape.""
Advocates are calling for comprehensive protection, physical and psychological rehabilitation for minor victims, and robust security guarantees for survivors and their families. While acknowledging DLEPS's ongoing efforts, activists emphasized that public anxiety will persist until the administration ensures fair, transparent, and timely judicial proceedings.
In response, DLEPS reiterated that the ULA is placing special priority on curbing child sexual abuse and pursuing maximum penalties. Under Section 376(3) of the applicable Penal Code, anyone convicted of raping a child under 12 years of age faces up to 20 years to life imprisonment."
2026-09-03,Kachin News Group,Junta River Vessel Carrying Military Families and Officials Surrenders to KIA Near Bhamo,242,https://www.bnionline.net/en/news/junta-river-vessel-carrying-military-families-and-officials-surrenders-kia-near-bhamo,"A junta river vessel carrying military personnel, police, civil servants, and families of regime troops surrendered to the Kachin Independence Army (KIA) after coming under heavy attack along the Ayeyarwady River on September 2, according to resistance sources.
The vessel was part of a 15-ship military flotilla transporting troops, equipment, and administrative staff from Mandalay to Bhamo Township in Kachin State. As the convoy approached Hsinhkan Bridge, KIA and allied resistance forces ambushed the ships, forcing one vessel to raise a white flag.
Resistance fighters who inspected the surrendered ship reported finding military families, police, and civil servants intended to help restore the junta's local administrative machinery in Bhamo alongside displaced residents.
“Military families, police officers, soldiers, and civil servants were on the vessel,” a local resistance fighter told the Kachin News Group (KNG). “The junta seems confident it can restart its administration in Bhamo, which is likely why they brought along the required staff.”
Video footage obtained by KNG and shared on social media confirmed the presence of women and children among those who surrendered to resistance forces.
The flotilla—which left Mandalay on August 21 comprising riverine combat ships, bulk carriers, tugboats, and a sand dredger—had previously docked in Shwegu Township for five days before attempting the final leg to Bhamo.
Despite several vessels sustaining damage during sustained KIA ambushes along the Ayeyarwady River, resistance sources acknowledge that around seven intact ships from the convoy are expected to reach Bhamo soon."
2026-09-03,Network Media Group,"At Least Three Civilians Killed, Homes Torched During Junta Raid in Chaung-U",274,https://www.bnionline.net/en/news/least-three-civilians-killed-homes-torched-during-junta-raid-chaung-u,"At least three civilians were killed, 20 others injured, and around 50 residents detained after a junta column raided villages across Chaung-U Township in Sagaing Region between August 29 and September 1, according to local sources and displacement workers.
The military column, comprising over 300 troops retreating from recent clashes in neighboring Monywa Township, shelled and opened fire on several communities as it advanced through the area.
On August 30, regime forces launched drone strikes around Kyeekan East and Kyeekan West villages, injuring nine civilians, while troops fatally shot a man who encountered the advancing column. The following morning, shelling in Khinmun Village killed a 35-year-old woman and her 70-year-old father instantly.
""Regime soldiers retreating from the Monywa fighting entered the village while firing artillery and small arms,"" a resident told Network Media Group (NMG). ""An artillery shell hit the father and daughter, killing them on the spot.""
The troops also set fire to Shwedarkya Village on August 31 and September 1, destroying at least 10 homes. The column continues to occupy the village while holding an estimated 50 residents who were abducted on August 29.
Local sources noted that the military raid followed an August 25 incident in which a local monastery abbot, accused of being a junta informant, died while in the custody of the resistance-run People’s Security Team (PST). Following his death, pro-junta channels called for military retaliation, prompting the deployment of the 300-strong column.
The violence has displaced nearly 8,000 civilians across 15 villages in Monywa and Chaung-U townships, forcing residents to seek shelter in nearby forests and hills amid ongoing daily clashes between junta forces and local resistance groups."
2026-09-03,Than Lwin Times,Thai-Myanmar Talks Gain Momentum as Junta Seeks Crackdown on Border Arms Flows,332,https://www.bnionline.net/en/news/thai-myanmar-talks-gain-momentum-junta-seeks-crackdown-border-arms-flows,"Diplomatic and security exchanges between Thailand and Myanmar’s military regime have intensified following a visit to Thailand by junta chief Min Aung Hlaing, with both sides focusing on curbing cross-border arms trafficking and logistics for anti-junta resistance forces.
In late August, high-level Thai delegations led by the secretary-general of Thailand’s National Security Council and Thailand’s ambassador to Myanmar held back-to-back meetings in Naypyidaw with General Ye Win Oo, the military’s chief of staff.
According to junta state media, discussions centered on real-time intelligence sharing, border security, trade, and joint efforts to suppress illicit flows of arms, ammunition, narcotics, and precursor chemicals.
The diplomatic push follows an early August meeting in Thailand where Min Aung Hlaing requested Thai assistance in severing weapon supply routes along the porous 2,400-kilometer border, which spans Myanmar's Shan, Karenni, Karen, and Tanintharyi regions.
Military analysts and anti-coup figures warn that stricter border controls could disrupt logistics for resistance groups operating east of the Ayeyarwady River.
""Regions east of the Ayeyarwady River rely heavily on the Thai border for weapons and essential supplies,"" said Captain Zin Yaw, a former military officer who defected to the Civil Disobedience Movement (CDM). ""With Thailand potentially tightening restrictions, resistance forces must explore alternative supply routes.""
However, resistance commanders expressed skepticism over whether effective enforcement is feasible given the border's vast terrain.
""There are countless border crossing points,"" said Saw Dar Kou, a tactical commander with the National Unity Government’s (NUG) People’s Defence Force (PDF) in Tanintharyi Region. ""The junta is attempting to project strength and cause hesitation, but resistance forces acquire roughly 70 percent of their arms directly from battlefield seizures during engagements with regime troops.""
Thailand’s deepening engagement with the junta has drawn scrutiny from regional observers, as Bangkok has historically maintained working relationships with various ethnic armed organizations (EAOs) along its western border.
Beyond security talks, Thai officials also met with parliamentary leaders in Naypyidaw to discuss cross-border trade and joint measures against transnational crime, telecommunications scam hubs, and human trafficking."
2026-09-03,Shan Herald Agency for News,Myanmar Junta Tightens Security and Imposes Restrictions in Ywangan Following Clashes,246,https://www.bnionline.net/en/news/myanmar-junta-tightens-security-and-imposes-restrictions-ywangan-following-clashes,"Myanmar junta forces have intensified security checks, arbitrary arrests, and movement restrictions on civilians in Ywangan Township, southern Shan State, following a series of deadly ambushes and clashes with local resistance forces in late August.
Following fighting between Hstachan and Taungu villages in the final week of August—which reportedly inflicted heavy junta casualties—regime troops stationed themselves inside several rural villages across the Myaning Village Tract, including Ahlelchaung and Hpayargyikone.
Residents report that military personnel are enforcing an 8:00 p.m. curfew, banning public gatherings, and threatening to burn down communities if further resistance attacks occur.
""Junta troops were carrying out security checks before, but now they’ve become much stricter,"" a Ywangan resident told the Shan Herald Agency for News. ""They arbitrarily arrest innocent people, and soldiers have warned that if fighting breaks out again, they will burn the villages to the ground. People are terrified of potential airstrikes.""
Local sources also report that junta personnel operate in civilian clothing to conduct undercover patrols, arresting and interrogating individuals suspected of ties to anti-junta forces.
In more remote villages—such as Hsatchan, Taungu, Htaminpawng, Kyauktaw, Ngwetaung, and Thahpanpin—soldiers have reportedly detained and beaten local men, holding them without food until their families pay ransoms for their release.
The crackdown follows months of heightened instability in the region, including a major July 22 clash along the border of Ywangan and Thazi townships between regime forces and the Danu People's Liberation Army (DPLA), which left over 20 junta troops dead or wounded."
2026-09-03,Mizzima,"Cholera, Acute Watery Diarrhea Resurface in Myanmar as Severe Floods Displace 470,000",275,https://www.bnionline.net/en/news/cholera-acute-watery-diarrhea-resurface-myanmar-severe-floods-displace-470000,"Resurgent outbreaks of cholera, an acute watery diarrhea (AWD), have hit key regions across Myanmar, striking the same areas devastated by a nationwide outbreak in 2024, according to a report by the World Health Organization (WHO)-coordinated Myanmar Health Cluster released this week.
The disease resurgence coincides with widespread severe flooding affecting more than 470,000 people across 27 townships in Sagaing, Mandalay, Magway, Ayeyarwady, and Mon State. New cases of AWD are now emerging in flood-impacted communities in Sagaing, Mandalay, and Bago regions.
The current cluster began in Yangon on August 9, then spread to Sittwe (the capital of Rakhine State), Mon State, and the Ayeyarwady Region.
According to junta health administration data and health officials cited by international wire agencies, Yangon recorded nearly 500 hospitalizations and at least 150 confirmed cholera cases by mid-August, along with fatal cases reported in both Yangon and Sittwe.
Healthcare delivery across Myanmar remains severely crippled in the sixth year of civil war following the 2021 military coup.
The crisis has been compounded by chronic supply shortages, ongoing conflict displacement—including over 200,000 displaced people in Magway Region alone—and rising cases of malaria and dengue.
Concurrently, attacks on healthcare infrastructure persist at alarming levels. Between January and August, Insecurity Insight documented 101 attacks on healthcare personnel and facilities across the country, while WHO’s surveillance system verified 53 incidents over the same period.
Humanitarian agencies report reaching nearly 900,000 people across 330 townships with essential health services during the first half of 2026.
However, health partners warn that the recurrence of disease outbreaks in the exact locations hit in 2024 underscores persistent, unaddressed failures in clean water supply, sanitation, and disease surveillance."
2026-09-03,Narinjara,"AA Drones and Artillery Hit Junta Reinforcements Near Strategic Nat Yay Kan Base, Causing Heavy Casualties",287,https://www.bnionline.net/en/news/aa-drones-and-artillery-hit-junta-reinforcements-near-strategic-nat-yay-kan-base-causing-heavy,"Arakan Army (AA) forces launched coordinated drone and artillery strikes against Myanmar junta reinforcements near the Nat Yay Kan strategic base in Magway Region on August 31, inflicting heavy casualties, according to local military sources.
The strategic base, situated on the Rakhine Yoma mountain range in Padan Township, remains surrounded by AA forces.
Multiple artillery shells exploded directly inside a junta column attempting to advance toward Nat Yay Kan near Pazhi village, injuring numerous soldiers and forcing the military to evacuate casualties by vehicle.
""The AA targeted them with drones and artillery, scoring direct hits on the column,"" a local military source told Narinjara News. ""Wounded soldiers and bodies were transported back to Padan town. On the morning of August 31, supply trucks were repurposed to carry the casualties away.""
A source close to the AA confirmed the evening ambush, noting that the AA relies heavily on drone surveillance along the strategic Ann-Padan road connecting Rakhine State and Magway Region to intercept troop movements.
""When movements are detected along the highway, the AA launches coordinated drone and heavy weapon strikes,"" the source explained.
Beyond drone and artillery bombardment, junta troops are suffering daily losses from close-range sniper attacks. Despite heavy casualties, desertions, and malaria outbreaks among newly conscripted soldiers, the military continues sending reinforcements to the area, including three trucks loaded with ammunition reported on September 1.
The junta has spent years attempting to break the siege on Nat Yay Kan using multiple columns, but AA resistance has halted their advance past the villages of Pazhi and Gok Gyi.
While a full-scale ground assault to capture the base has not yet materialized, both sides remain locked in intense artillery exchanges and drone warfare along the Rakhine-Magway border."
2026-09-03,Development Media Group,"Foreigners Banned from Renting Homes in Lawngtlai District, Mizoram",319,https://www.bnionline.net/en/news/foreigners-banned-renting-homes-lawngtlai-district-mizoram,"The District Magistrate of Lawngtlai District, a border town in Mizoram State near Myanmar’s Chin State, has issued an order banning foreigners—including Myanmar nationals—from renting residential properties, effective September 1, according to local sources and Arakanese traders residing in the area.
The decision was finalized during a joint security meeting attended by district authorities, representatives of the Assam Rifles, and the Central Young Lai Association (CYLA).
While informal restrictions on housing rentals for foreigners had been observed over the past three months, local traders report that official enforcement is set to tighten significantly.
""Previously, landlords and tenants arranged housing through mutual agreements. With an official ban in place, living expenses will escalate dramatically,"" said an Arakanese trader based in Lawngtlai.
Lawngtlai District, which borders Paletwa Township in Chin State, currently hosts tens of thousands of refugees who fled Chin State and Sagaing Region following Myanmar’s 2021 military coup. It also serves as a crucial hub for border traders from Arakan (Rakhine) State who established operations in Mizoram after cross-border trade expanded in 2024.
Traders noted that the crackdown stems primarily from growing concerns among Indian authorities over illegal drug trafficking originating from Chin State.
""Authorities are concerned about illegal drug trade by individuals establishing long-term residency,"" another trader explained. ""Transient traders moving back and forth may not face major disruptions, but long-term residents will no longer be able to rent homes. Staying in hotels or guesthouses will prove financially unsustainable for many.""
Alongside the rental ban, the District Magistrate warned that individuals caught using fraudulent documentation, forging papers, or making unauthorized border crossings will face immediate arrest and prosecution.
The housing restrictions are expected to severely impact the asylum seekers, commodity flows, and local livelihoods. Since the Myanmar military junta instituted blockades across Arakan State during intense fighting in late 2023, the region has relied heavily on trade routes through Mizoram for necessities, including food, medicine, and cooking oil."
2026-09-02,Development Media Group,"War, Conscription, and Unemployment Threaten Future of Arakan Youth: Study",335,https://www.bnionline.net/en/news/war-conscription-and-unemployment-threaten-future-arakan-youth-study,"A comprehensive new report by the Center for Arakan Studies reveals that young people in Arakan State face a bleak and profoundly uncertain future, battered by protracted conflict, forced military recruitment, severe travel restrictions, soaring unemployment, and systemic educational collapse.
Published on August 31 as Arakan Affairs Special Study No. 10 (2026), the report examines the compounding crises affecting youth from January 2024 through August 2026, building on the devastating impacts of renewed fighting between the Myanmar military and the Arakan Army (AA) that erupted in November 2023.
The study details intensifying pressure from all sides. The military regime has aggressively conscripted youths—including Muslims in Sittwe and Kyaukphyu—while the AA implemented its National Defence Emergency Provision (NDEP) in March 2025, barring service-eligible residents from leaving Arakan.
Citing data from Unlawful Conscription Watch (UCW), the report reveals that the junta forcibly recruited 3,993 individuals from Arakan between May 2025 and May 2026—the second-highest conscription among the 15 States, Regions, and Union Territory tracked nationwide.
Concurrently, the study documents alarming incidents of youths being detained while attempting to flee AA-controlled territories, with over 80 arrested in Thandwe Township alone and subsequently funneled into military training.
Socioeconomic conditions have simultaneously deteriorated. Citing a Youth-Led Organization (YLO) assessment, the findings indicate that 55 percent of young people in Arakan are unemployed, crippled by a scarcity of jobs, widening skills gaps, and a total lack of startup capital.
Years of warfare have deeply fractured higher education, while stringent mobility restrictions and administrative barriers in obtaining identification documents effectively trap youth inside the state. Although alternative educational pathways have begun emerging in AA-administered zones through 2025 and 2026, systemic recovery remains out of reach.
The Center for Arakan Studies warns that an entire generation is being systematically trapped between active warfare, economic destitution, educational deprivation, and family hardship—a catastrophe with generational repercussions.
The report urges governing authorities and civil society organizations to urgently formulate robust policies addressing immediate safety and livelihood needs while establishing long-term sustainable frameworks for the region's youth."
2026-09-02,Narinjara,Fierce Fighting Erupts Between Myanmar Military and Arakan Army on Strategic Mountain Route,174,https://www.bnionline.net/en/news/fierce-fighting-erupts-between-myanmar-military-and-arakan-army-strategic-mountain-route,"Intense combat has flared between the Myanmar military and the Arakan Army (AA) along the Arakan Yoma mountain corridor linking Rakhine State's Ann Township to Magway Region's Mindon Township, locally known as the Ta Lai Taung–Ta Phan Raung Road.
Clashes erupted on August 30 after regime forces launched a large-scale infiltration attempt.
""The junta army is advancing across the Rakhine Yoma in divided columns, and the AA is actively engaging these separated lines,"" a local source reported.
In response to fierce ground engagements, the regime has launched heavy aerial bombardments along the strategic corridor connecting Ann and Mindon via Ma Ei.
A military observer warned that travelers commuting between Rakhine State and Yangon should completely avoid the route, as encountering advancing military columns poses an extreme risk of arbitrary detention or death.
Daily fighting persists across multiple key locations along the mountain range—including the Nat Yay Kan air defense base, the Thaphan Raung bypass, Saw Township in Magway Region, and Nyaungyo in Bago Region—as the junta deploys thousands of troops in a major offensive."
2026-09-02,Khonumthung News,Drafting Chinland Defence Law Emerges as Top Priority for Chin State Parliament,265,https://www.bnionline.net/en/news/drafting-chinland-defence-law-emerges-top-priority-chin-state-parliament,"The Chin State Parliament has prioritized drafting and enacting a comprehensive Chinland Defence Law to establish a unified legal framework for all revolutionary armed forces operating across the region.
Spearheaded by the Defence Minister of the Government of Chinland—formed under the revolutionary Chinland Council—the legislative effort brings together officials from the parliament, the Ministry of Defence, and the Defence Coordination Team (DCT).
“The Chinland Council’s DCT has tasked us with drafting this law. Given the complexities involved, we plan to utilize an interim Terms of Reference (ToR) approach to address immediate operational issues while revolutionary forces are being consolidated,” said U Hung Naing, speaker of the Chin State Parliament.
The interim ToR guidelines were dispatched in late August to the Chinland Council, the regional revolutionary government, and local administrative units.
Developing a universally accepted framework presents organizational and political challenges due to the diverse backgrounds of various Chinland Defence Force (CDF) factions formed during the anti-junta revolution.
To ensure consensus, the parliament plans to circulate the draft among all regional units, CDF factions, and the Chin National Army (CNA) for comprehensive review before final enactment.
Concurrently, the Ministry of Defence is pushing to unify the CNA and autonomous CDF factions under a single civilian command structure, a mandate guaranteed by the 2023 Chinland Constitution.
“Bringing all resistance forces under civilian oversight is essential. Right now, we are actively organizing battalions and units under the ministry,” said Salai Kep Chin Thang, secretary of the Chinland Council, which has established local administrations across 19 townships and regions as part of the nationwide resistance movement against military rule."
